accuracy,loss,val_accuracy,val_loss,epoch_time_sec,cumulative_time_sec
0.7038461565971375,0.6693264842033386,0.3125,6.199070453643799,52.97543501853943,52.97543501853943
0.8730769157409668,0.39666038751602173,0.625,3.1412460803985596,27.113214254379272,80.0886492729187
0.9115384817123413,0.28503647446632385,0.390625,12.244451522827148,27.083812475204468,107.17246174812317
